<application>
  <component name="CodeInsightSettings">
    <option name="AUTO_POPUP_JAVADOC_INFO" value="true" />
    <option name="SHOW_FULL_SIGNATURES_IN_PARAMETER_INFO" value="true" />
    <option name="INDENT_TO_CARET_ON_PASTE" value="true" />
    <option name="ADD_UNAMBIGIOUS_IMPORTS_ON_THE_FLY" value="true" />
  </component>
  <component name="DaemonCodeAnalyzerSettings">
    <option name="SHOW_METHOD_SEPARATORS" value="true" />
  </component>
  <component name="Go">
    <option name="showDocumentationInParameterPopup" value="true" />
  </component>
  <component name="PhpCodeFoldingSettings">
    <option name="COLLAPSE_IMPORTS" value="false" />
  </component>
</application>