<application>
  <component name="FileTypeManager" version="17">
    <extensionMap>
      <mapping ext="klib" type="ARCHIVE" />
      <mapping pattern=".gitignore_global" type="Git file" />
      <mapping pattern="0" type="PLAIN_TEXT" />
      <mapping pattern="Dockerfile-nginx-dev" type="PLAIN_TEXT" />
      <mapping pattern="81" type="PLAIN_TEXT" />
      <mapping pattern="todo" type="PLAIN_TEXT" />
      <mapping pattern="pre-commit" type="PLAIN_TEXT" />
      <mapping pattern="LICENSE" type="PLAIN_TEXT" />
      <mapping pattern="provider" type="PLAIN_TEXT" />
      <mapping pattern="54" type="PLAIN_TEXT" />
      <mapping pattern="TODO" type="PLAIN_TEXT" />
      <mapping pattern="host_rsa" type="PLAIN_TEXT" />
      <mapping ext="paw" type="PLAIN_TEXT" />
      <mapping ext="fnc" type="DBN-PSQL" />
      <mapping ext="pkb" type="DBN-PSQL" />
      <mapping ext="pkg" type="DBN-PSQL" />
      <mapping ext="pks" type="DBN-PSQL" />
      <mapping ext="prc" type="DBN-PSQL" />
      <mapping ext="tpb" type="DBN-PSQL" />
      <mapping ext="tpe" type="DBN-PSQL" />
      <mapping ext="tps" type="DBN-PSQL" />
      <mapping ext="trg" type="DBN-PSQL" />
      <mapping ext="vw" type="DBN-SQL" />
    </extensionMap>
  </component>
</application>