<application>
  <component name="KeyPromoterXStatistic">
    <option name="statistics">
      <Statistic Action="Debug 'index.js'">
        <Item>
          <IdeaActionID>DebugClass</IdeaActionID>
          <ShortCut>'⌃⇧D'</ShortCut>
          <Description>Debug 'index.js'</Description>
          <Count>1</Count>
        </Item>
      </Statistic>
      <Statistic Action="Find Usages">
        <Item>
          <IdeaActionID>FindUsages</IdeaActionID>
          <ShortCut>'⌥F7'</ShortCut>
          <Description>Find Usages</Description>
          <Count>1</Count>
        </Item>
      </Statistic>
      <Statistic Action="GoTo">
        <Item>
          <IdeaActionID>GotoDeclaration</IdeaActionID>
          <ShortCut>'⌘B'</ShortCut>
          <Description>GoTo</Description>
          <Count>183</Count>
        </Item>
      </Statistic>
      <Statistic Action="Hide All Windows">
        <Item>
          <IdeaActionID>HideAllWindows</IdeaActionID>
          <ShortCut>'⇧⌘F12'</ShortCut>
          <Description>Hide All Windows</Description>
          <Count>2</Count>
        </Item>
      </Statistic>
      <Statistic Action="Project">
        <Item>
          <IdeaActionID>ActivateProjectToolWindow</IdeaActionID>
          <ShortCut>'⌘1'</ShortCut>
          <Description>Project</Description>
          <Count>3</Count>
        </Item>
      </Statistic>
      <Statistic Action="Reformat Code">
        <Item>
          <IdeaActionID>ReformatCode</IdeaActionID>
          <ShortCut>'⌥⌘L'</ShortCut>
          <Description>Reformat Code</Description>
          <Count>4</Count>
        </Item>
      </Statistic>
      <Statistic Action="Rename...">
        <Item>
          <IdeaActionID>RenameElement</IdeaActionID>
          <ShortCut>'⇧F6'</ShortCut>
          <Description>Rename...</Description>
          <Count>34</Count>
        </Item>
      </Statistic>
      <Statistic Action="Restore Windows">
        <Item>
          <IdeaActionID>HideAllWindows</IdeaActionID>
          <ShortCut>'⇧⌘F12'</ShortCut>
          <Description>Restore Windows</Description>
          <Count>1</Count>
        </Item>
      </Statistic>
      <Statistic Action="Toggle Line Breakpoint">
        <Item>
          <IdeaActionID>ToggleLineBreakpoint</IdeaActionID>
          <ShortCut>'⌘F8'</ShortCut>
          <Description>Toggle Line Breakpoint</Description>
          <Count>8</Count>
        </Item>
      </Statistic>
    </option>
  </component>
</application>