<application>
  <component name="MaterialThemeConfig">
    <option name="compactDropdowns" value="true" />
    <option name="isCompactMenus" value="true" />
    <option name="isCompactStatusBar" value="true" />
    <option name="isCompactTables" value="true" />
    <option name="isWizardShown" value="true" />
    <option name="upperCaseButtons" value="false" />
    <option name="settingsSelectedTab" value="5" />
    <option name="accentColor" value="e95094" />
    <option name="highlightColor" value="80cbc4" />
    <option name="selectedTheme" value="DARKER" />
    <option name="userId" value="4dbbfefe:16488632aa5:-8000" />
    <option name="version" value="3.9.1" />
  </component>
</application>