<application>
  <component name="PathMacrosImpl">
    <macro name="KOTLIN_BUNDLED" value="/Users/luca@xebia.studio/Library/Application Support/JetBrains/Toolbox/apps/IDEA-U/ch-0/191.6183.87/IntelliJ IDEA.app/Contents/plugins/Kotlin/kotlinc" />
    <macro name="MAVEN_REPOSITORY" value="/Users/luca@xebia.studio/.m2/repository" />
    <ignoredMacro name="MESSAGE" />
    <ignoredMacro name="FILE_PATH" />
    <ignoredMacro name="LINE" />
    <ignoredMacro name="COLUMN" />
  </component>
</application>