<application>
  <component name="ProjectManager">
    <defaultProject>
      <component name="ComposerJsonPluginSettings">
        <unboundedVersionInspectionSettings>
          <excludedPackages />
        </unboundedVersionInspectionSettings>
        <customRepositories />
      </component>
      <component name="Encoding" addBOMForNewFiles="with NO BOM" />
      <component name="MessDetector">
        <phpmd_settings>
          <MessDetectorConfiguration tool_path="phpmd" />
        </phpmd_settings>
      </component>
      <component name="NodePackageJsonFileManager">
        <packageJsonPaths />
      </component>
      <component name="PhpCodeSniffer">
        <phpcs_settings>
          <PhpCSConfiguration tool_path="phpcs" />
        </phpcs_settings>
      </component>
      <component name="PhpWorkspaceProjectConfiguration" backward_compatibility_performed="true" />
      <component name="ProjectInspectionProfilesVisibleTreeState">
        <entry key="Project Default">
          <profile-state>
            <expanded-state>
              <State>
                <id />
              </State>
              <State>
                <id>Code StylePhp Inspections (EA Extended)PHP</id>
              </State>
              <State>
                <id>General</id>
              </State>
              <State>
                <id>PHP</id>
              </State>
              <State>
                <id>Php Inspections (EA Extended)PHP</id>
              </State>
              <State>
                <id>XPath</id>
              </State>
            </expanded-state>
            <selected-state>
              <State>
                <id>AngularJS</id>
              </State>
            </selected-state>
          </profile-state>
        </entry>
      </component>
      <component name="PropertiesComponent">
        <property name="nodejs_interpreter_path.stuck_in_default_project" value="undefined stuck path" />
        <property name="nodejs_npm_path_reset_for_default_project" value="true" />
        <property name="settings.editor.selected.configurable" value="preferences.pluginManager" />
      </component>
      <component name="masterDetails">
        <states>
          <state key="ProjectJDKs.UI">
            <settings>
              <last-edited>11</last-edited>
              <splitter-proportions>
                <option name="proportions">
                  <list>
                    <option value="0.2" />
                  </list>
                </option>
              </splitter-proportions>
            </settings>
          </state>
        </states>
      </component>
    </defaultProject>
  </component>
</application>