<application>
  <component name="WebServers">
    <option name="servers">
      <webServer id="ff041077-05c3-47f8-b035-fc9fd986783e" name="Exchanger" url="http://exchanger.dev">
        <fileTransfer port="0" accessType="LOCAL" />
      </webServer>
      <webServer id="4e6dfd07-0c74-4c54-8ff6-d25f241d52b7" name="Heldi" url="http://localhost:8000">
        <fileTransfer port="0" accessType="LOCAL" />
      </webServer>
      <webServer id="c05624a9-1aa5-4032-b224-6549631cf480" name="Bluminal API" url="http://api.bluminal.dev">
        <fileTransfer port="0" accessType="LOCAL" />
      </webServer>
    </option>
  </component>
</application>